{"stats":{"minecraft:custom":{"minecraft:time_since_rest":16449,"minecraft:open_chest":7,"minecraft:crouch_one_cm":1597,"minecraft:sprint_one_cm":7849,"minecraft:play_time":16449,"minecraft:walk_one_cm":15224,"minecraft:sneak_time":1067,"minecraft:jump":26,"minecraft:leave_game":5,"minecraft:time_since_death":16449,"minecraft:total_world_time":29525,"minecraft:fly_one_cm":200039},"minecraft:used":{"minecraft:bedrock":88,"minecraft:packed_ice":6,"minecraft:dirt":227,"minecraft:flint_and_steel":7,"minecraft:tnt":260,"minecraft:oak_sapling":1,"minecraft:grass_block":80,"minecraft:blue_ice":6,"minecraft:ice":2,"minecraft:chest":2,"minecraft:bone_meal":6},"minecraft:mined":{"minecraft:packed_ice":2,"minecraft:blue_ice":1,"minecraft:ice":2}},"DataVersion":4189}